latitude,longitude,elevation,utc_offset_seconds,timezone,timezone_abbreviation
24.800003,92.350006,NaN,0,GMT,GMT

time,river_discharge (mÂ³/s)
2015-01-01,46.64
2015-01-02,46.42
2015-01-03,46.21
2015-01-04,46.21
2015-01-05,46.10
2015-01-06,45.99
2015-01-07,45.67
2015-01-08,45.56
2015-01-09,45.34
2015-01-10,44.92
2015-01-11,44.71
2015-01-12,44.50
2015-01-13,44.29
2015-01-14,44.19
2015-01-15,43.98
2015-01-16,43.87
2015-01-17,43.77
2015-01-18,43.67
2015-01-19,43.46
2015-01-20,43.36
2015-01-21,43.26
2015-01-22,43.16
2015-01-23,43.06
2015-01-24,42.95
2015-01-25,42.75
2015-01-26,42.65
2015-01-27,42.55
2015-01-28,42.45
2015-01-29,42.35
2015-01-30,42.35
2015-01-31,42.25
2015-02-01,42.25
2015-02-02,42.25
2015-02-03,42.15
2015-02-04,42.05
2015-02-05,41.95
2015-02-06,41.85
2015-02-07,41.36
2015-02-08,40.98
2015-02-09,40.88
2015-02-10,40.78
2015-02-11,40.69
2015-02-12,40.59
2015-02-13,40.50
2015-02-14,40.40
2015-02-15,40.40
2015-02-16,40.30
2015-02-17,40.30
2015-02-18,40.40
2015-02-19,40.40
2015-02-20,40.40
2015-02-21,40.50
2015-02-22,39.74
2015-02-23,39.09
2015-02-24,38.81
2015-02-25,38.63
2015-02-26,38.45
2015-02-27,38.54
2015-02-28,38.63
2015-03-01,38.54
2015-03-02,38.54
2015-03-03,38.45
2015-03-04,39.46
2015-03-05,39.83
2015-03-06,39.46
2015-03-07,39.18
2015-03-08,38.99
2015-03-09,38.90
2015-03-10,38.08
2015-03-11,37.55
2015-03-12,37.37
2015-03-13,37.28
2015-03-14,37.64
2015-03-15,37.90
2015-03-16,37.82
2015-03-17,37.82
2015-03-18,37.73
2015-03-19,37.73
2015-03-20,37.82
2015-03-21,37.90
2015-03-22,37.90
2015-03-23,37.90
2015-03-24,37.82
2015-03-25,37.82
2015-03-26,37.73
2015-03-27,37.82
2015-03-28,38.26
2015-03-29,38.36
2015-03-30,38.72
2015-03-31,41.76
2015-04-01,48.43
2015-04-02,57.48
2015-04-03,56.68
2015-04-04,52.83
2015-04-05,52.21
2015-04-06,52.09
2015-04-07,49.82
2015-04-08,47.19
2015-04-09,46.86
2015-04-10,47.75
2015-04-11,46.97
2015-04-12,45.67
2015-04-13,44.71
2015-04-14,43.77
2015-04-15,43.06
2015-04-16,42.55
2015-04-17,44.19
2015-04-18,50.40
2015-04-19,54.59
2015-04-20,57.34
2015-04-21,66.92
2015-04-22,72.96
2015-04-23,74.34
2015-04-24,73.82
2015-04-25,72.79
2015-04-26,72.45
2015-04-27,71.28
2015-04-28,69.79
2015-04-29,69.96
2015-04-30,70.61
2015-05-01,71.78
2015-05-02,72.62
2015-05-03,71.78
2015-05-04,70.12
2015-05-05,68.50
2015-05-06,67.23
2015-05-07,66.14
2015-05-08,65.07
2015-05-09,64.16
2015-05-10,63.86
2015-05-11,64.31
2015-05-12,65.22
2015-05-13,65.83
2015-05-14,66.76
2015-05-15,69.15
2015-05-16,71.61
2015-05-17,73.30
2015-05-18,73.13
2015-05-19,71.61
2015-05-20,69.96
2015-05-21,69.15
2015-05-22,68.66
2015-05-23,69.47
2015-05-24,71.11
2015-05-25,73.30
2015-05-26,72.96
2015-05-27,72.11
2015-05-28,72.11
2015-05-29,72.79
2015-05-30,74.51
2015-05-31,76.27
2015-06-01,76.09
2015-06-02,76.27
2015-06-03,75.74
2015-06-04,74.34
2015-06-05,73.30
2015-06-06,72.62
2015-06-07,72.11
2015-06-08,71.95
2015-06-09,72.28
2015-06-10,74.68
2015-06-11,88.13
2015-06-12,97.63
2015-06-13,101.33
2015-06-14,101.33
2015-06-15,102.04
2015-06-16,101.33
2015-06-17,99.93
2015-06-18,97.63
2015-06-19,95.83
2015-06-20,97.86
2015-06-21,100.86
2015-06-22,106.15
2015-06-23,114.35
2015-06-24,120.62
2015-06-25,124.31
2015-06-26,128.42
2015-06-27,132.97
2015-06-28,135.14
2015-06-29,133.28
2015-06-30,130.22
2015-07-01,127.53
2015-07-02,126.64
2015-07-03,126.64
2015-07-04,124.89
2015-07-05,123.17
2015-07-06,127.82
2015-07-07,132.35
2015-07-08,139.60
2015-07-09,145.89
2015-07-10,148.97
2015-07-11,148.97
2015-07-12,147.59
2015-07-13,145.89
2015-07-14,144.88
2015-07-15,148.62
2015-07-16,165.34
2015-07-17,243.91
2015-07-18,261.42
2015-07-19,249.03
2015-07-20,252.51
2015-07-21,255.45
2015-07-22,254.27
2015-07-23,255.45
2015-07-24,258.42
2015-07-25,263.24
2015-07-26,271.90
2015-07-27,271.90
2015-07-28,269.40
2015-07-29,265.07
2015-07-30,267.53
2015-07-31,286.08
2015-08-01,301.00
2015-08-02,300.30
2015-08-03,292.76
2015-08-04,285.42
2015-08-05,278.90
2015-08-06,271.90
2015-08-07,265.69
2015-08-08,261.42
2015-08-09,256.63
2015-08-10,251.93
2015-08-11,249.61
2015-08-12,247.89
2015-08-13,245.04
2015-08-14,241.10
2015-08-15,237.23
2015-08-16,233.42
2015-08-17,230.21
2015-08-18,227.56
2015-08-19,230.74
2015-08-20,237.23
2015-08-21,236.68
2015-08-22,233.96
2015-08-23,231.27
2015-08-24,227.56
2015-08-25,223.91
2015-08-26,220.82
2015-08-27,217.78
2015-08-28,214.28
2015-08-29,210.35
2015-08-30,206.97
2015-08-31,208.89
2015-09-01,221.84
2015-09-02,232.88
2015-09-03,242.22
2015-09-04,241.10
2015-09-05,236.14
2015-09-06,231.81
2015-09-07,227.56
2015-09-08,224.94
2015-09-09,220.82
2015-09-10,220.82
2015-09-11,220.31
2015-09-12,218.79
2015-09-13,219.80
2015-09-14,226.51
2015-09-15,227.03
2015-09-16,221.84
2015-09-17,215.77
2015-09-18,210.84
2015-09-19,212.30
2015-09-20,212.80
2015-09-21,210.84
2015-09-22,207.93
2015-09-23,209.86
2015-09-24,212.30
2015-09-25,210.84
2015-09-26,206.49
2015-09-27,200.84
2015-09-28,195.79
2015-09-29,191.31
2015-09-30,186.93
2015-10-01,183.08
2015-10-02,180.55
2015-10-03,177.65
2015-10-04,175.20
2015-10-05,173.98
2015-10-06,173.58
2015-10-07,173.58
2015-10-08,174.79
2015-10-09,174.79
2015-10-10,173.58
2015-10-11,172.78
2015-10-12,171.58
2015-10-13,170.00
2015-10-14,168.04
2015-10-15,166.11
2015-10-16,163.82
2015-10-17,160.81
2015-10-18,157.49
2015-10-19,153.88
2015-10-20,150.71
2015-10-21,147.59
2015-10-22,144.55
2015-10-23,141.56
2015-10-24,138.64
2015-10-25,136.09
2015-10-26,133.28
2015-10-27,130.83
2015-10-28,128.12
2015-10-29,125.47
2015-10-30,123.17
2015-10-31,121.46
2015-11-01,119.50
2015-11-02,117.58
2015-11-03,115.41
2015-11-04,113.29
2015-11-05,111.20
2015-11-06,109.15
2015-11-07,106.89
2015-11-08,104.93
2015-11-09,102.99
2015-11-10,101.09
2015-11-11,99.23
2015-11-12,97.63
2015-11-13,95.83
2015-11-14,94.06
2015-11-15,92.54
2015-11-16,90.83
2015-11-17,89.36
2015-11-18,87.72
2015-11-19,86.30
2015-11-20,84.70
2015-11-21,83.33
2015-11-22,81.99
2015-11-23,80.66
2015-11-24,79.35
2015-11-25,78.07
2015-11-26,76.80
2015-11-27,75.56
2015-11-28,74.34
2015-11-29,73.13
2015-11-30,72.11
2015-12-01,70.78
2015-12-02,69.63
2015-12-03,69.15
2015-12-04,68.34
2015-12-05,67.39
2015-12-06,66.45
2015-12-07,65.37
2015-12-08,64.46
2015-12-09,63.71
2015-12-10,62.83
2015-12-11,62.10
2015-12-12,61.37
2015-12-13,60.80
2015-12-14,60.09
2015-12-15,59.53
2015-12-16,58.84
2015-12-17,58.16
2015-12-18,57.61
2015-12-19,57.08
2015-12-20,56.54
2015-12-21,56.02
2015-12-22,55.62
2015-12-23,55.10
2015-12-24,54.72
2015-12-25,54.34
2015-12-26,53.95
2015-12-27,53.58
2015-12-28,53.20
2015-12-29,52.83
2015-12-30,52.46
2015-12-31,52.21
2016-01-01,51.84
2016-01-02,51.60
2016-01-03,51.24
2016-01-04,51.00
2016-01-05,50.64
2016-01-06,50.40
2016-01-07,50.05
2016-01-08,49.82
2016-01-09,50.40
2016-01-10,50.29
2016-01-11,49.82
2016-01-12,49.35
2016-01-13,49.00
2016-01-14,48.77
2016-01-15,48.43
2016-01-16,48.20
2016-01-17,47.98
2016-01-18,47.64
2016-01-19,47.42
2016-01-20,47.64
2016-01-21,47.64
2016-01-22,47.31
2016-01-23,47.08
2016-01-24,46.86
2016-01-25,46.64
2016-01-26,46.42
2016-01-27,46.21
2016-01-28,45.99
2016-01-29,45.88
2016-01-30,45.77
2016-01-31,45.67
2016-02-01,45.67
2016-02-02,45.67
2016-02-03,45.45
2016-02-04,45.34
2016-02-05,45.13
2016-02-06,45.03
2016-02-07,44.50
2016-02-08,44.08
2016-02-09,43.98
2016-02-10,43.87
2016-02-11,43.87
2016-02-12,44.39
2016-02-13,44.50
2016-02-14,44.19
2016-02-15,43.87
2016-02-16,43.67
2016-02-17,43.57
2016-02-18,43.36
2016-02-19,43.26
2016-02-20,43.16
2016-02-21,43.67
2016-02-22,43.06
2016-02-23,42.85
2016-02-24,46.75
2016-02-25,47.87
2016-02-26,45.99
2016-02-27,44.71
2016-02-28,43.87
2016-02-29,43.36
2016-03-01,42.85
2016-03-02,42.55
2016-03-03,42.15
2016-03-04,42.05
2016-03-05,41.95
2016-03-06,41.76
2016-03-07,41.56
2016-03-08,41.46
2016-03-09,40.88
2016-03-10,40.50
2016-03-11,40.40
2016-03-12,40.30
2016-03-13,40.59
2016-03-14,40.78
2016-03-15,40.59
2016-03-16,40.69
2016-03-17,40.59
2016-03-18,40.40
2016-03-19,43.16
2016-03-20,44.19
2016-03-21,45.88
2016-03-22,46.21
2016-03-23,46.42
2016-03-24,45.45
2016-03-25,44.08
2016-03-26,43.16
2016-03-27,43.06
2016-03-28,49.93
2016-03-29,55.49
2016-03-30,56.02
2016-03-31,55.10
2016-04-01,53.95
2016-04-02,52.58
2016-04-03,53.70
2016-04-04,60.09
2016-04-05,65.53
2016-04-06,66.61
2016-04-07,65.37
2016-04-08,63.71
2016-04-09,62.83
2016-04-10,61.95
2016-04-11,60.94
2016-04-12,60.09
2016-04-13,61.52
2016-04-14,67.55
2016-04-15,75.21
2016-04-16,82.37
2016-04-17,91.90
2016-04-18,102.99
2016-04-19,110.94
2016-04-20,111.72
2016-04-21,115.68
2016-04-22,128.12
2016-04-23,214.77
2016-04-24,237.78
2016-04-25,230.74
2016-04-26,217.78
2016-04-27,205.06
2016-04-28,195.34
2016-04-29,187.36
2016-04-30,182.23
2016-05-01,181.81
2016-05-02,182.23
2016-05-03,181.39
2016-05-04,179.72
2016-05-05,176.42
2016-05-06,172.38
2016-05-07,168.43
2016-05-08,163.82
2016-05-09,160.06
2016-05-10,156.40
2016-05-11,152.82
2016-05-12,150.01
2016-05-13,152.82
2016-05-14,154.24
2016-05-15,154.96
2016-05-16,154.24
2016-05-17,163.82
2016-05-18,171.19
2016-05-19,172.78
2016-05-20,176.42
2016-05-21,195.34
2016-05-22,207.93
2016-05-23,208.89
2016-05-24,205.06
2016-05-25,209.86
2016-05-26,211.32
2016-05-27,207.93
2016-05-28,204.12
2016-05-29,201.77
2016-05-30,198.99
2016-05-31,195.79
2016-06-01,192.64
2016-06-02,189.11
2016-06-03,185.21
2016-06-04,183.08
2016-06-05,181.81
2016-06-06,182.23
2016-06-07,180.97
2016-06-08,179.30
2016-06-09,178.89
2016-06-10,182.23
2016-06-11,190.43
2016-06-12,210.84
2016-06-13,254.27
2016-06-14,259.62
2016-06-15,250.19
2016-06-16,241.66
2016-06-17,236.68
2016-06-18,232.35
2016-06-19,228.09
2016-06-20,222.87
2016-06-21,219.29
2016-06-22,219.29
2016-06-23,219.29
2016-06-24,217.27
2016-06-25,214.28
2016-06-26,214.77
2016-06-27,216.77
2016-06-28,214.28
2016-06-29,210.35
2016-06-30,206.49
2016-07-01,204.12
2016-07-02,205.06
2016-07-03,206.97
2016-07-04,212.30
2016-07-05,217.27
2016-07-06,217.78
2016-07-07,217.78
2016-07-08,224.94
2016-07-09,227.03
2016-07-10,223.91
2016-07-11,219.80
2016-07-12,215.77
2016-07-13,211.81
2016-07-14,207.93
2016-07-15,204.59
2016-07-16,202.70
2016-07-17,201.77
2016-07-18,199.91
2016-07-19,199.91
2016-07-20,198.53
2016-07-21,195.79
2016-07-22,192.64
2016-07-23,192.64
2016-07-24,193.54
2016-07-25,192.64
2016-07-26,189.55
2016-07-27,186.50
2016-07-28,183.50
2016-07-29,182.65
2016-07-30,182.23
2016-07-31,180.55
2016-08-01,178.89
2016-08-02,177.24
2016-08-03,176.83
2016-08-04,176.83
2016-08-05,177.65
2016-08-06,177.24
2016-08-07,178.47
2016-08-08,178.89
2016-08-09,177.65
2016-08-10,176.42
2016-08-11,175.20
2016-08-12,172.78
2016-08-13,171.58
2016-08-14,170.79
2016-08-15,170.00
2016-08-16,168.43
2016-08-17,166.88
2016-08-18,164.58
2016-08-19,161.55
2016-08-20,159.32
2016-08-21,160.44
2016-08-22,160.44
2016-08-23,157.49
2016-08-24,153.88
2016-08-25,154.96
2016-08-26,156.40
2016-08-27,156.76
2016-08-28,155.68
2016-08-29,153.88
2016-08-30,153.53
2016-08-31,152.82
2016-09-01,153.17
2016-09-02,152.82
2016-09-03,150.36
2016-09-04,148.28
2016-09-05,147.59
2016-09-06,147.94
2016-09-07,146.57
2016-09-08,143.54
2016-09-09,140.58
2016-09-10,138.32
2016-09-11,136.72
2016-09-12,137.68
2016-09-13,140.25
2016-09-14,140.58
2016-09-15,139.60
2016-09-16,140.58
2016-09-17,142.22
2016-09-18,143.54
2016-09-19,146.23
2016-09-20,148.62
2016-09-21,151.05
2016-09-22,152.46
2016-09-23,153.17
2016-09-24,153.53
2016-09-25,153.88
2016-09-26,154.24
2016-09-27,153.53
2016-09-28,153.53
2016-09-29,154.24
2016-09-30,153.17
2016-10-01,151.76
2016-10-02,150.36
2016-10-03,150.71
2016-10-04,151.05
2016-10-05,153.17
2016-10-06,155.68
2016-10-07,157.49
2016-10-08,158.59
2016-10-09,159.32
2016-10-10,158.59
2016-10-11,156.40
2016-10-12,158.59
2016-10-13,158.59
2016-10-14,155.68
2016-10-15,152.82
2016-10-16,150.01
2016-10-17,146.57
2016-10-18,143.54
2016-10-19,140.58
2016-10-20,137.68
2016-10-21,135.14
2016-10-22,132.35
2016-10-23,129.92
2016-10-24,127.53
2016-10-25,125.47
2016-10-26,123.74
2016-10-27,123.17
2016-10-28,122.59
2016-10-29,121.46
2016-10-30,120.06
2016-10-31,118.12
2016-11-01,115.95
2016-11-02,113.82
2016-11-03,113.02
2016-11-04,113.29
2016-11-05,117.03
2016-11-06,194.43
2016-11-07,232.35
2016-11-08,204.12
2016-11-09,185.64
2016-11-10,173.18
2016-11-11,164.58
2016-11-12,158.22
2016-11-13,152.82
2016-11-14,147.94
2016-11-15,143.88
2016-11-16,139.93
2016-11-17,136.40
2016-11-18,133.28
2016-11-19,130.22
2016-11-20,127.53
2016-11-21,124.89
2016-11-22,122.31
2016-11-23,119.78
2016-11-24,117.58
2016-11-25,115.14
2016-11-26,113.02
2016-11-27,110.94
2016-11-28,108.90
2016-11-29,106.89
2016-11-30,105.17
2016-12-01,103.23
2016-12-02,101.33
2016-12-03,99.69
2016-12-04,97.86
2016-12-05,96.27
2016-12-06,94.50
2016-12-07,92.97
2016-12-08,91.47
2016-12-09,89.99
2016-12-10,88.54
2016-12-11,87.10
2016-12-12,85.70
2016-12-13,84.31
2016-12-14,82.95
2016-12-15,81.79
2016-12-16,80.47
2016-12-17,79.35
2016-12-18,78.07
2016-12-19,76.98
2016-12-20,75.91
2016-12-21,74.86
2016-12-22,73.82
2016-12-23,72.62
2016-12-24,71.78
2016-12-25,70.78
2016-12-26,69.79
2016-12-27,68.82
2016-12-28,68.02
2016-12-29,67.08
2016-12-30,66.14
2016-12-31,65.37
2017-01-01,64.46
2017-01-02,63.71
2017-01-03,62.97
2017-01-04,62.10
2017-01-05,61.37
2017-01-06,60.80
2017-01-07,60.09
2017-01-08,59.53
2017-01-09,58.98
2017-01-10,58.29
2017-01-11,57.61
2017-01-12,57.08
2017-01-13,56.68
2017-01-14,56.28
2017-01-15,55.75
2017-01-16,55.36
2017-01-17,55.10
2017-01-18,54.72
2017-01-19,54.34
2017-01-20,54.08
2017-01-21,53.70
2017-01-22,53.45
2017-01-23,53.20
2017-01-24,52.95
2017-01-25,52.58
2017-01-26,52.33
2017-01-27,52.09
2017-01-28,51.84
2017-01-29,51.60
2017-01-30,51.48
2017-01-31,51.36
2017-02-01,51.24
2017-02-02,51.12
2017-02-03,50.88
2017-02-04,50.64
2017-02-05,50.52
2017-02-06,50.29
2017-02-07,49.70
2017-02-08,49.23
2017-02-09,49.12
2017-02-10,48.89
2017-02-11,48.77
2017-02-12,48.55
2017-02-13,48.43
2017-02-14,48.20
2017-02-15,48.09
2017-02-16,47.87
2017-02-17,47.87
2017-02-18,47.64
2017-02-19,47.53
2017-02-20,47.98
2017-02-21,48.66
2017-02-22,48.77
2017-02-23,49.35
2017-02-24,48.77
2017-02-25,47.75
2017-02-26,46.97
2017-02-27,46.75
2017-02-28,46.53
2017-03-01,46.21
2017-03-02,45.88
2017-03-03,45.67
2017-03-04,45.67
2017-03-05,47.64
2017-03-06,48.32
2017-03-07,47.64
2017-03-08,47.08
2017-03-09,46.53
2017-03-10,47.19
2017-03-11,54.72
2017-03-12,54.46
2017-03-13,51.24
2017-03-14,49.58
2017-03-15,48.55
2017-03-16,47.64
2017-03-17,47.08
2017-03-18,47.64
2017-03-19,47.75
2017-03-20,48.09
2017-03-21,47.87
2017-03-22,47.19
2017-03-23,46.64
2017-03-24,46.42
2017-03-25,47.75
2017-03-26,50.88
2017-03-27,51.24
2017-03-28,50.05
2017-03-29,60.24
2017-03-30,81.04
2017-03-31,87.31
2017-04-01,85.50
2017-04-02,82.75
2017-04-03,83.33
2017-04-04,84.90
2017-04-05,87.10
2017-04-06,86.10
2017-04-07,83.53
2017-04-08,81.79
2017-04-09,81.22
2017-04-10,80.66
2017-04-11,79.72
2017-04-12,78.43
2017-04-13,76.98
2017-04-14,75.74
2017-04-15,74.86
2017-04-16,74.16
2017-04-17,73.13
2017-04-18,72.62
2017-04-19,73.64
2017-04-20,76.80
2017-04-21,82.75
2017-04-22,198.53
2017-04-23,214.28
2017-04-24,206.97
2017-04-25,199.45
2017-04-26,186.50
2017-04-27,174.79
2017-04-28,165.34
2017-04-29,158.22
2017-04-30,153.17
2017-05-01,150.01
2017-05-02,146.57
2017-05-03,142.55
2017-05-04,138.96
2017-05-05,136.40
2017-05-06,134.52
2017-05-07,132.05
2017-05-08,129.02
2017-05-09,126.64
2017-05-10,124.31
2017-05-11,121.74
2017-05-12,119.50
2017-05-13,118.95
2017-05-14,120.34
2017-05-15,124.03
2017-05-16,126.06
2017-05-17,125.18
2017-05-18,124.03
2017-05-19,123.17
2017-05-20,122.31
2017-05-21,120.62
2017-05-22,118.95
2017-05-23,117.03
2017-05-24,115.41
2017-05-25,115.41
2017-05-26,115.68
2017-05-27,114.08
2017-05-28,111.46
2017-05-29,110.69
2017-05-30,124.89
2017-05-31,135.46
2017-06-01,142.88
2017-06-02,144.88
2017-06-03,148.28
2017-06-04,239.44
2017-06-05,245.60
2017-06-06,218.79
2017-06-07,198.99
2017-06-08,187.80
2017-06-09,182.23
2017-06-10,184.35
2017-06-11,189.55
2017-06-12,203.17
2017-06-13,218.28
2017-06-14,224.42
2017-06-15,221.33
2017-06-16,224.94
2017-06-17,229.67
2017-06-18,231.81
2017-06-19,231.81
2017-06-20,231.81
2017-06-21,232.88
2017-06-22,230.74
2017-06-23,228.61
2017-06-24,226.51
2017-06-25,224.42
2017-06-26,220.82
2017-06-27,217.78
2017-06-28,214.77
2017-06-29,213.29
2017-06-30,210.84
2017-07-01,210.35
2017-07-02,209.38
2017-07-03,210.84
2017-07-04,209.38
2017-07-05,206.49
2017-07-06,204.12
2017-07-07,200.84
2017-07-08,197.61
2017-07-09,194.88
2017-07-10,192.64
2017-07-11,191.31
2017-07-12,190.87
2017-07-13,189.55
2017-07-14,186.50
2017-07-15,184.78
2017-07-16,184.78
2017-07-17,183.50
2017-07-18,188.67
2017-07-19,200.37
2017-07-20,206.49
2017-07-21,204.59
2017-07-22,199.91
2017-07-23,204.59
2017-07-24,214.28
2017-07-25,221.84
2017-07-26,223.39
2017-07-27,221.33
2017-07-28,220.31
2017-07-29,219.29
2017-07-30,217.27
2017-07-31,215.77
2017-08-01,213.78
2017-08-02,211.81
2017-08-03,208.41
2017-08-04,206.01
2017-08-05,204.59
2017-08-06,202.24
2017-08-07,198.99
2017-08-08,196.70
2017-08-09,194.88
2017-08-10,195.79
2017-08-11,199.45
2017-08-12,204.59
2017-08-13,206.49
2017-08-14,206.01
2017-08-15,204.12
2017-08-16,200.37
2017-08-17,201.30
2017-08-18,201.77
2017-08-19,201.77
2017-08-20,201.77
2017-08-21,200.84
2017-08-22,202.70
2017-08-23,205.54
2017-08-24,205.06
2017-08-25,203.17
2017-08-26,203.17
2017-08-27,207.45
2017-08-28,206.97
2017-08-29,203.64
2017-08-30,203.64
2017-08-31,204.59
2017-09-01,204.59
2017-09-02,202.70
2017-09-03,202.70
2017-09-04,200.84
2017-09-05,198.53
2017-09-06,197.15
2017-09-07,195.79
2017-09-08,195.34
2017-09-09,194.88
2017-09-10,194.88
2017-09-11,193.09
2017-09-12,189.99
2017-09-13,186.93
2017-09-14,183.93
2017-09-15,180.13
2017-09-16,178.47
2017-09-17,179.72
2017-09-18,185.64
2017-09-19,190.43
2017-09-20,192.20
2017-09-21,191.31
2017-09-22,187.80
2017-09-23,184.78
2017-09-24,183.50
2017-09-25,180.97
2017-09-26,178.89
2017-09-27,178.47
2017-09-28,184.35
2017-09-29,186.93
2017-09-30,186.50
2017-10-01,186.50
2017-10-02,184.35
2017-10-03,180.55
2017-10-04,176.83
2017-10-05,174.79
2017-10-06,175.20
2017-10-07,175.20
2017-10-08,172.78
2017-10-09,169.61
2017-10-10,166.11
2017-10-11,163.06
2017-10-12,161.18
2017-10-13,160.44
2017-10-14,158.59
2017-10-15,155.68
2017-10-16,152.46
2017-10-17,150.01
2017-10-18,157.85
2017-10-19,161.93
2017-10-20,168.82
2017-10-21,198.99
2017-10-22,211.81
2017-10-23,208.89
2017-10-24,199.91
2017-10-25,193.54
2017-10-26,187.80
2017-10-27,183.08
2017-10-28,178.47
2017-10-29,175.20
2017-10-30,173.58
2017-10-31,172.38
2017-11-01,169.61
2017-11-02,166.11
2017-11-03,162.68
2017-11-04,159.32
2017-11-05,156.04
2017-11-06,152.82
2017-11-07,150.01
2017-11-08,147.25
2017-11-09,144.21
2017-11-10,141.56
2017-11-11,138.96
2017-11-12,136.40
2017-11-13,133.90
2017-11-14,131.43
2017-11-15,129.02
2017-11-16,127.23
2017-11-17,126.06
2017-11-18,124.60
2017-11-19,122.88
2017-11-20,120.90
2017-11-21,118.67
2017-11-22,116.49
2017-11-23,114.61
2017-11-24,112.50
2017-11-25,110.69
2017-11-26,108.90
2017-11-27,106.89
2017-11-28,105.17
2017-11-29,103.47
2017-11-30,101.80
2017-12-01,100.16
2017-12-02,98.54
2017-12-03,96.95
2017-12-04,95.38
2017-12-05,93.84
2017-12-06,92.54
2017-12-07,91.04
2017-12-08,89.99
2017-12-09,92.97
2017-12-10,106.65
2017-12-11,112.24
2017-12-12,110.69
2017-12-13,107.14
2017-12-14,103.71
2017-12-15,100.86
2017-12-16,98.54
2017-12-17,96.72
2017-12-18,94.94
2017-12-19,93.19
2017-12-20,91.68
2017-12-21,90.20
2017-12-22,88.74
2017-12-23,87.31
2017-12-24,86.10
2017-12-25,84.70
2017-12-26,83.53
2017-12-27,82.37
2017-12-28,81.22
2017-12-29,80.10
2017-12-30,78.98
2017-12-31,77.89
2018-01-01,76.80
2018-01-02,77.70
2018-01-03,78.07
2018-01-04,77.70
2018-01-05,76.62
2018-01-06,75.38
2018-01-07,74.16
2018-01-08,73.13
2018-01-09,72.11
2018-01-10,71.11
2018-01-11,70.12
2018-01-12,69.31
2018-01-13,68.50
2018-01-14,67.71
2018-01-15,67.08
2018-01-16,66.45
2018-01-17,65.83
2018-01-18,65.22
2018-01-19,64.61
2018-01-20,64.01
2018-01-21,63.42
2018-01-22,62.97
2018-01-23,62.53
2018-01-24,62.10
2018-01-25,61.66
2018-01-26,61.23
2018-01-27,60.80
2018-01-28,60.38
2018-01-29,59.95
2018-01-30,59.67
2018-01-31,59.39
2018-02-01,59.12
2018-02-02,58.84
2018-02-03,58.57
2018-02-04,58.29
2018-02-05,57.88
2018-02-06,57.61
2018-02-07,57.08
2018-02-08,56.54
2018-02-09,56.28
2018-02-10,56.02
2018-02-11,55.62
2018-02-12,55.36
2018-02-13,55.10
2018-02-14,54.85
2018-02-15,54.72
2018-02-16,54.46
2018-02-17,54.08
2018-02-18,53.95
2018-02-19,53.70
2018-02-20,53.45
2018-02-21,53.20
2018-02-22,52.33
2018-02-23,51.72
2018-02-24,51.48
2018-02-25,51.24
2018-02-26,51.36
2018-02-27,51.48
2018-02-28,51.36
2018-03-01,51.24
2018-03-02,51.00
2018-03-03,50.76
2018-03-04,50.52
2018-03-05,50.29
2018-03-06,50.17
2018-03-07,50.05
2018-03-08,49.82
2018-03-09,49.70
2018-03-10,48.89
2018-03-11,48.43
2018-03-12,48.20
2018-03-13,48.20
2018-03-14,48.77
2018-03-15,50.05
2018-03-16,55.89
2018-03-17,61.95
2018-03-18,59.95
2018-03-19,56.28
2018-03-20,54.08
2018-03-21,52.83
2018-03-22,51.84
2018-03-23,51.24
2018-03-24,50.76
2018-03-25,50.40
2018-03-26,51.84
2018-03-27,52.46
2018-03-28,52.09
2018-03-29,51.72
2018-03-30,51.72
2018-03-31,51.48
2018-04-01,51.12
2018-04-02,50.76
2018-04-03,50.52
2018-04-04,50.17
2018-04-05,50.64
2018-04-06,51.00
2018-04-07,50.76
2018-04-08,51.97
2018-04-09,52.21
2018-04-10,51.60
2018-04-11,52.09
2018-04-12,53.33
2018-04-13,54.21
2018-04-14,53.95
2018-04-15,53.33
2018-04-16,52.58
2018-04-17,54.08
2018-04-18,58.16
2018-04-19,62.24
2018-04-20,65.22
2018-04-21,65.99
2018-04-22,65.37
2018-04-23,63.86
2018-04-24,62.10
2018-04-25,60.80
2018-04-26,59.81
2018-04-27,59.12
2018-04-28,59.53
2018-04-29,60.66
2018-04-30,60.52
2018-05-01,61.09
2018-05-02,63.42
2018-05-03,65.07
2018-05-04,69.79
2018-05-05,80.10
2018-05-06,91.68
2018-05-07,96.95
2018-05-08,97.86
2018-05-09,97.17
2018-05-10,96.27
2018-05-11,96.50
2018-05-12,95.61
2018-05-13,94.06
2018-05-14,93.41
2018-05-15,93.84
2018-05-16,94.50
2018-05-17,97.17
2018-05-18,99.93
2018-05-19,101.57
2018-05-20,102.28
2018-05-21,104.93
2018-05-22,106.89
2018-05-23,108.90
2018-05-24,110.43
2018-05-25,111.98
2018-05-26,111.98
2018-05-27,110.17
2018-05-28,107.64
2018-05-29,105.17
2018-05-30,103.71
2018-05-31,105.17
2018-06-01,107.64
2018-06-02,108.65
2018-06-03,107.89
2018-06-04,109.92
2018-06-05,112.50
2018-06-06,113.02
2018-06-07,112.24
2018-06-08,111.46
2018-06-09,111.20
2018-06-10,114.61
2018-06-11,132.35
2018-06-12,302.39
2018-06-13,382.71
2018-06-14,350.56
2018-06-15,313.05
2018-06-16,288.07
2018-06-17,271.90
2018-06-18,262.63
2018-06-19,254.27
2018-06-20,247.31
2018-06-21,242.22
2018-06-22,236.68
2018-06-23,233.42
2018-06-24,232.35
2018-06-25,231.81
2018-06-26,230.21
2018-06-27,226.51
2018-06-28,222.87
2018-06-29,218.28
2018-06-30,213.29
2018-07-01,208.89
2018-07-02,205.54
2018-07-03,205.06
2018-07-04,203.17
2018-07-05,199.91
2018-07-06,195.34
2018-07-07,193.98
2018-07-08,192.20
2018-07-09,188.67
2018-07-10,186.07
2018-07-11,183.50
2018-07-12,182.23
2018-07-13,183.93
2018-07-14,187.36
2018-07-15,193.54
2018-07-16,193.09
2018-07-17,188.67
2018-07-18,183.93
2018-07-19,180.55
2018-07-20,180.13
2018-07-21,188.23
2018-07-22,190.87
2018-07-23,193.98
2018-07-24,194.43
2018-07-25,194.88
2018-07-26,193.54
2018-07-27,191.75
2018-07-28,187.80
2018-07-29,183.50
2018-07-30,183.08
2018-07-31,182.65
2018-08-01,183.50
2018-08-02,182.23
2018-08-03,178.89
2018-08-04,174.79
2018-08-05,172.38
2018-08-06,176.83
2018-08-07,178.47
2018-08-08,177.65
2018-08-09,174.79
2018-08-10,171.58
2018-08-11,169.61
2018-08-12,168.43
2018-08-13,168.04
2018-08-14,170.40
2018-08-15,175.20
2018-08-16,176.42
2018-08-17,175.20
2018-08-18,172.38
2018-08-19,170.00
2018-08-20,169.61
2018-08-21,169.22
2018-08-22,167.27
2018-08-23,164.96
2018-08-24,163.06
2018-08-25,161.55
2018-08-26,160.06
2018-08-27,160.44
2018-08-28,160.81
2018-08-29,159.69
2018-08-30,156.76
2018-08-31,154.96
2018-09-01,153.17
2018-09-02,151.05
2018-09-03,149.31
2018-09-04,149.66
2018-09-05,152.46
2018-09-06,151.76
2018-09-07,148.62
2018-09-08,144.88
2018-09-09,142.88
2018-09-10,141.89
2018-09-11,140.91
2018-09-12,139.60
2018-09-13,137.04
2018-09-14,134.52
2018-09-15,132.05
2018-09-16,129.92
2018-09-17,128.42
2018-09-18,126.64
2018-09-19,124.89
2018-09-20,123.17
2018-09-21,122.31
2018-09-22,120.90
2018-09-23,119.50
2018-09-24,118.12
2018-09-25,117.85
2018-09-26,117.58
2018-09-27,116.49
2018-09-28,114.61
2018-09-29,112.24
2018-09-30,110.43
2018-10-01,108.65
2018-10-02,106.89
2018-10-03,105.17
2018-10-04,103.23
2018-10-05,101.57
2018-10-06,100.16
2018-10-07,98.54
2018-10-08,97.17
2018-10-09,95.83
2018-10-10,95.61
2018-10-11,95.83
2018-10-12,105.66
2018-10-13,117.85
2018-10-14,123.17
2018-10-15,122.88
2018-10-16,119.23
2018-10-17,115.41
2018-10-18,112.50
2018-10-19,109.92
2018-10-20,107.64
2018-10-21,105.66
2018-10-22,103.71
2018-10-23,101.80
2018-10-24,100.16
2018-10-25,98.31
2018-10-26,96.72
2018-10-27,95.61
2018-10-28,96.95
2018-10-29,97.63
2018-10-30,96.95
2018-10-31,95.38
2018-11-01,93.41
2018-11-02,91.90
2018-11-03,90.41
2018-11-04,89.16
2018-11-05,87.92
2018-11-06,86.90
2018-11-07,85.90
2018-11-08,84.70
2018-11-09,83.33
2018-11-10,82.18
2018-11-11,80.85
2018-11-12,79.72
2018-11-13,78.62
2018-11-14,77.70
2018-11-15,76.62
2018-11-16,75.74
2018-11-17,75.38
2018-11-18,74.86
2018-11-19,73.99
2018-11-20,73.13
2018-11-21,72.28
2018-11-22,71.44
2018-11-23,70.78
2018-11-24,69.96
2018-11-25,69.31
2018-11-26,68.66
2018-11-27,68.02
2018-11-28,67.39
2018-11-29,66.76
2018-11-30,66.30
2018-12-01,65.68
2018-12-02,65.07
2018-12-03,64.46
2018-12-04,64.01
2018-12-05,63.42
2018-12-06,62.97
2018-12-07,62.53
2018-12-08,62.10
2018-12-09,61.66
2018-12-10,61.23
2018-12-11,60.80
2018-12-12,60.38
2018-12-13,59.95
2018-12-14,59.53
2018-12-15,59.12
2018-12-16,58.84
2018-12-17,58.70
2018-12-18,61.52
2018-12-19,61.95
2018-12-20,60.80
2018-12-21,59.81
2018-12-22,58.98
2018-12-23,58.29
2018-12-24,57.88
2018-12-25,57.34
2018-12-26,56.94
2018-12-27,56.54
2018-12-28,56.28
2018-12-29,55.89
2018-12-30,55.62
2018-12-31,55.23
2019-01-01,54.98
2019-01-02,54.72
2019-01-03,54.46
2019-01-04,54.08
2019-01-05,53.83
2019-01-06,53.58
2019-01-07,53.33
2019-01-08,53.20
2019-01-09,52.95
2019-01-10,52.58
2019-01-11,52.21
2019-01-12,52.09
2019-01-13,51.84
2019-01-14,51.60
2019-01-15,51.48
2019-01-16,51.24
2019-01-17,51.12
2019-01-18,50.88
2019-01-19,50.64
2019-01-20,50.52
2019-01-21,50.29
2019-01-22,50.17
2019-01-23,50.05
2019-01-24,49.82
2019-01-25,49.70
2019-01-26,49.58
2019-01-27,49.35
2019-01-28,49.23
2019-01-29,49.12
2019-01-30,49.12
2019-01-31,49.00
2019-02-01,49.00
2019-02-02,48.89
2019-02-03,48.77
2019-02-04,48.66
2019-02-05,48.55
2019-02-06,48.43
2019-02-07,47.98
2019-02-08,47.53
2019-02-09,47.42
2019-02-10,47.31
2019-02-11,47.19
2019-02-12,47.08
2019-02-13,46.97
2019-02-14,46.86
2019-02-15,46.75
2019-02-16,46.64
2019-02-17,46.97
2019-02-18,46.97
2019-02-19,46.75
2019-02-20,46.64
2019-02-21,46.53
2019-02-22,45.56
2019-02-23,44.92
2019-02-24,44.71
2019-02-25,44.71
2019-02-26,45.45
2019-02-27,45.99
2019-02-28,47.98
2019-03-01,47.87
2019-03-02,46.97
2019-03-03,46.32
2019-03-04,45.99
2019-03-05,45.88
2019-03-06,45.77
2019-03-07,45.45
2019-03-08,45.24
2019-03-09,44.92
2019-03-10,44.19
2019-03-11,43.67
2019-03-12,43.57
2019-03-13,43.36
2019-03-14,43.67
2019-03-15,43.87
2019-03-16,43.77
2019-03-17,43.67
2019-03-18,44.19
2019-03-19,45.34
2019-03-20,45.88
2019-03-21,45.67
2019-03-22,47.75
2019-03-23,47.87
2019-03-24,46.64
2019-03-25,45.56
2019-03-26,44.92
2019-03-27,44.71
2019-03-28,44.29
2019-03-29,44.08
2019-03-30,44.39
2019-03-31,45.67
2019-04-01,46.21
2019-04-02,47.87
2019-04-03,47.87
2019-04-04,49.35
2019-04-05,49.23
2019-04-06,49.47
2019-04-07,50.17
2019-04-08,54.85
2019-04-09,59.12
2019-04-10,59.95
2019-04-11,57.88
2019-04-12,55.36
2019-04-13,53.83
2019-04-14,52.95
2019-04-15,52.33
2019-04-16,52.95
2019-04-17,53.08
2019-04-18,52.46
2019-04-19,51.60
2019-04-20,51.12
2019-04-21,50.64
2019-04-22,50.29
2019-04-23,49.82
2019-04-24,49.35
2019-04-25,49.12
2019-04-26,49.00
2019-04-27,49.58
2019-04-28,51.48
2019-04-29,51.72
2019-04-30,51.97
2019-05-01,52.09
2019-05-02,51.60
2019-05-03,51.72
2019-05-04,56.41
2019-05-05,56.68
2019-05-06,54.85
2019-05-07,53.45
2019-05-08,52.46
2019-05-09,51.84
2019-05-10,51.36
2019-05-11,51.12
2019-05-12,50.88
2019-05-13,51.97
2019-05-14,53.70
2019-05-15,55.36
2019-05-16,56.41
2019-05-17,57.34
2019-05-18,57.75
2019-05-19,57.21
2019-05-20,56.02
2019-05-21,55.75
2019-05-22,58.02
2019-05-23,61.37
2019-05-24,70.12
2019-05-25,79.54
2019-05-26,83.14
2019-05-27,81.22
2019-05-28,77.89
2019-05-29,75.21
2019-05-30,73.47
2019-05-31,75.74
2019-06-01,78.80
2019-06-02,79.72
2019-06-03,83.14
2019-06-04,88.13
2019-06-05,90.41
2019-06-06,92.11
2019-06-07,97.17
2019-06-08,99.23
2019-06-09,98.77
2019-06-10,96.50
2019-06-11,94.28
2019-06-12,92.33
2019-06-13,95.16
2019-06-14,105.17
2019-06-15,113.02
2019-06-16,113.82
2019-06-17,111.20
2019-06-18,110.17
2019-06-19,110.69
2019-06-20,113.02
2019-06-21,114.35
2019-06-22,113.82
2019-06-23,111.98
2019-06-24,110.43
2019-06-25,109.41
2019-06-26,109.15
2019-06-27,110.17
2019-06-28,110.69
2019-06-29,109.15
2019-06-30,108.90
2019-07-01,109.66
2019-07-02,108.90
2019-07-03,107.39
2019-07-04,105.91
2019-07-05,105.66
2019-07-06,106.15
2019-07-07,112.50
2019-07-08,118.12
2019-07-09,124.31
2019-07-10,127.82
2019-07-11,132.66
2019-07-12,136.72
2019-07-13,143.54
2019-07-14,148.97
2019-07-15,150.36
2019-07-16,147.94
2019-07-17,143.88
2019-07-18,142.22
2019-07-19,141.23
2019-07-20,141.56
2019-07-21,140.91
2019-07-22,139.60
2019-07-23,137.36
2019-07-24,136.09
2019-07-25,135.77
2019-07-26,136.72
2019-07-27,135.77
2019-07-28,133.59
2019-07-29,131.13
2019-07-30,131.13
2019-07-31,129.92
2019-08-01,127.82
2019-08-02,126.35
2019-08-03,125.77
2019-08-04,125.47
2019-08-05,123.74
2019-08-06,121.74
2019-08-07,124.03
2019-08-08,125.77
2019-08-09,124.60
2019-08-10,122.03
2019-08-11,119.50
2019-08-12,123.45
2019-08-13,129.32
2019-08-14,132.05
2019-08-15,135.46
2019-08-16,137.04
2019-08-17,136.40
2019-08-18,134.21
2019-08-19,131.74
2019-08-20,129.62
2019-08-21,128.72
2019-08-22,135.46
2019-08-23,139.60
2019-08-24,140.58
2019-08-25,141.23
2019-08-26,143.21
2019-08-27,143.54
2019-08-28,147.25
2019-08-29,150.36
2019-08-30,151.41
2019-08-31,149.66
2019-09-01,149.66
2019-09-02,149.31
2019-09-03,154.96
2019-09-04,159.32
2019-09-05,161.93
2019-09-06,161.93
2019-09-07,159.69
2019-09-08,157.12
2019-09-09,156.04
2019-09-10,154.24
2019-09-11,153.17
2019-09-12,152.82
2019-09-13,152.46
2019-09-14,150.36
2019-09-15,147.59
2019-09-16,144.88
2019-09-17,141.89
2019-09-18,138.96
2019-09-19,136.09
2019-09-20,133.59
2019-09-21,131.43
2019-09-22,132.66
2019-09-23,137.68
2019-09-24,146.23
2019-09-25,151.76
2019-09-26,151.41
2019-09-27,147.94
2019-09-28,146.23
2019-09-29,145.89
2019-09-30,145.89
2019-10-01,146.57
2019-10-02,146.91
2019-10-03,145.55
2019-10-04,143.88
2019-10-05,142.55
2019-10-06,144.21
2019-10-07,146.91
2019-10-08,146.57
2019-10-09,145.89
2019-10-10,145.22
2019-10-11,143.88
2019-10-12,141.23
2019-10-13,138.32
2019-10-14,135.14
2019-10-15,133.90
2019-10-16,133.28
2019-10-17,131.74
2019-10-18,129.32
2019-10-19,126.64
2019-10-20,124.31
2019-10-21,122.31
2019-10-22,120.34
2019-10-23,118.67
2019-10-24,118.12
2019-10-25,117.30
2019-10-26,126.35
2019-10-27,127.23
2019-10-28,125.77
2019-10-29,123.17
2019-10-30,120.34
2019-10-31,117.85
2019-11-01,115.41
2019-11-02,113.02
2019-11-03,110.69
2019-11-04,108.65
2019-11-05,106.89
2019-11-06,104.93
2019-11-07,103.23
2019-11-08,102.51
2019-11-09,103.23
2019-11-10,104.44
2019-11-11,104.68
2019-11-12,103.71
2019-11-13,102.04
2019-11-14,99.93
2019-11-15,98.08
2019-11-16,96.27
2019-11-17,94.50
2019-11-18,92.76
2019-11-19,91.26
2019-11-20,89.78
2019-11-21,88.13
2019-11-22,86.70
2019-11-23,85.30
2019-11-24,84.11
2019-11-25,82.75
2019-11-26,81.41
2019-11-27,80.10
2019-11-28,78.98
2019-11-29,77.70
2019-11-30,76.62
2019-12-01,75.38
2019-12-02,74.16
2019-12-03,73.13
2019-12-04,72.11
2019-12-05,71.11
2019-12-06,70.12
2019-12-07,69.15
2019-12-08,68.34
2019-12-09,67.39
2019-12-10,66.61
2019-12-11,65.83
2019-12-12,65.07
2019-12-13,64.46
2019-12-14,63.71
2019-12-15,63.12
2019-12-16,62.53
2019-12-17,61.95
2019-12-18,61.37
2019-12-19,60.80
2019-12-20,60.38
2019-12-21,59.81
2019-12-22,59.39
2019-12-23,58.84
2019-12-24,58.43
2019-12-25,58.02
2019-12-26,57.61
2019-12-27,57.48
2019-12-28,57.34
2019-12-29,56.94
2019-12-30,56.54
2019-12-31,56.15
2020-01-01,55.75
2020-01-02,55.62
2020-01-03,56.41
2020-01-04,56.68
2020-01-05,56.28
2020-01-06,55.62
2020-01-07,55.10
2020-01-08,54.59
2020-01-09,54.21
2020-01-10,53.83
2020-01-11,53.45
2020-01-12,53.08
2020-01-13,52.70
2020-01-14,52.46
2020-01-15,52.09
2020-01-16,51.84
2020-01-17,51.60
2020-01-18,51.36
2020-01-19,51.12
2020-01-20,50.76
2020-01-21,50.64
2020-01-22,50.40
2020-01-23,50.17
2020-01-24,49.93
2020-01-25,49.70
2020-01-26,49.58
2020-01-27,49.35
2020-01-28,49.12
2020-01-29,49.00
2020-01-30,48.89
2020-01-31,48.77
2020-02-01,48.77
2020-02-02,48.66
2020-02-03,48.43
2020-02-04,48.32
2020-02-05,48.09
2020-02-06,47.98
2020-02-07,47.53
2020-02-08,47.19
2020-02-09,46.97
2020-02-10,46.86
2020-02-11,46.75
2020-02-12,46.53
2020-02-13,46.42
2020-02-14,46.32
2020-02-15,46.21
2020-02-16,46.10
2020-02-17,45.88
2020-02-18,45.77
2020-02-19,45.67
2020-02-20,45.56
2020-02-21,45.45
2020-02-22,44.60
2020-02-23,44.08
2020-02-24,43.87
2020-02-25,43.87
2020-02-26,44.19
2020-02-27,44.39
2020-02-28,44.29
2020-02-29,44.08
2020-03-01,43.87
2020-03-02,43.77
2020-03-03,43.67
2020-03-04,43.57
2020-03-05,43.46
2020-03-06,43.67
2020-03-07,43.98
2020-03-08,43.77
2020-03-09,42.95
2020-03-10,42.35
2020-03-11,42.15
2020-03-12,41.95
2020-03-13,42.25
2020-03-14,42.45
2020-03-15,42.35
2020-03-16,42.25
2020-03-17,42.15
2020-03-18,42.05
2020-03-19,42.15
2020-03-20,42.15
2020-03-21,42.15
2020-03-22,42.15
2020-03-23,42.05
2020-03-24,41.95
2020-03-25,41.85
2020-03-26,41.76
2020-03-27,41.66
2020-03-28,41.46
2020-03-29,41.66
2020-03-30,41.85
2020-03-31,41.85
2020-04-01,41.95
2020-04-02,42.55
2020-04-03,43.26
2020-04-04,43.16
2020-04-05,42.85
2020-04-06,42.55
2020-04-07,42.35
2020-04-08,42.25
2020-04-09,42.15
2020-04-10,42.05
2020-04-11,41.95
2020-04-12,41.85
2020-04-13,41.66
2020-04-14,41.56
2020-04-15,41.66
2020-04-16,43.67
2020-04-17,46.42
2020-04-18,48.43
2020-04-19,46.75
2020-04-20,45.24
2020-04-21,45.56
2020-04-22,45.67
2020-04-23,45.34
2020-04-24,50.29
2020-04-25,51.00
2020-04-26,49.47
2020-04-27,47.42
2020-04-28,47.19
2020-04-29,47.98
2020-04-30,47.19
2020-05-01,45.77
2020-05-02,45.24
2020-05-03,45.03
2020-05-04,44.71
2020-05-05,44.71
2020-05-06,45.13
2020-05-07,44.92
2020-05-08,44.29
2020-05-09,43.77
2020-05-10,43.46
2020-05-11,43.16
2020-05-12,42.95
2020-05-13,43.67
2020-05-14,44.08
2020-05-15,44.81
2020-05-16,46.42
2020-05-17,46.32
2020-05-18,45.24
2020-05-19,47.08
2020-05-20,48.32
2020-05-21,49.58
2020-05-22,50.29
2020-05-23,50.17
2020-05-24,49.00
2020-05-25,48.09
2020-05-26,49.23
2020-05-27,64.92
2020-05-28,82.56
2020-05-29,85.30
2020-05-30,81.41
2020-05-31,78.80
2020-06-01,76.98
2020-06-02,77.52
2020-06-03,78.80
2020-06-04,81.41
2020-06-05,83.33
2020-06-06,83.53
2020-06-07,82.18
2020-06-08,81.22
2020-06-09,82.18
2020-06-10,84.51
2020-06-11,86.90
2020-06-12,89.16
2020-06-13,91.26
2020-06-14,91.68
2020-06-15,91.68
2020-06-16,91.26
2020-06-17,196.24
2020-06-18,200.37
2020-06-19,170.40
2020-06-20,151.41
2020-06-21,140.25
2020-06-22,133.90
2020-06-23,130.52
2020-06-24,127.23
2020-06-25,124.31
2020-06-26,124.60
2020-06-27,128.72
2020-06-28,133.59
2020-06-29,133.28
2020-06-30,133.28
2020-07-01,132.35
2020-07-02,131.13
2020-07-03,129.02
2020-07-04,127.53
2020-07-05,127.23
2020-07-06,127.53
2020-07-07,126.35
2020-07-08,126.94
2020-07-09,126.94
2020-07-10,127.53
2020-07-11,129.62
2020-07-12,136.72
2020-07-13,139.93
2020-07-14,140.25
2020-07-15,139.28
2020-07-16,137.04
2020-07-17,134.52
2020-07-18,132.05
2020-07-19,132.35
2020-07-20,133.28
2020-07-21,139.28
2020-07-22,142.55
2020-07-23,143.54
2020-07-24,141.23
2020-07-25,138.00
2020-07-26,134.83
2020-07-27,133.28
2020-07-28,132.35
2020-07-29,131.13
2020-07-30,129.62
2020-07-31,127.23
2020-08-01,124.89
2020-08-02,122.59
2020-08-03,120.62
2020-08-04,120.34
2020-08-05,125.77
2020-08-06,129.92
2020-08-07,130.83
2020-08-08,129.32
2020-08-09,127.23
2020-08-10,125.18
2020-08-11,123.17
2020-08-12,121.46
2020-08-13,119.50
2020-08-14,126.94
2020-08-15,129.02
2020-08-16,127.53
2020-08-17,126.35
2020-08-18,126.94
2020-08-19,129.62
2020-08-20,133.90
2020-08-21,137.04
2020-08-22,138.64
2020-08-23,137.36
2020-08-24,135.46
2020-08-25,136.40
2020-08-26,138.64
2020-08-27,139.93
2020-08-28,140.91
2020-08-29,140.25
2020-08-30,139.60
2020-08-31,141.56
2020-09-01,142.88
2020-09-02,141.56
2020-09-03,138.64
2020-09-04,135.46
2020-09-05,132.97
2020-09-06,130.83
2020-09-07,129.02
2020-09-08,126.94
2020-09-09,126.94
2020-09-10,128.72
2020-09-11,128.72
2020-09-12,127.53
2020-09-13,127.23
2020-09-14,127.82
2020-09-15,128.42
2020-09-16,128.72
2020-09-17,127.82
2020-09-18,125.18
2020-09-19,122.31
2020-09-20,121.18
2020-09-21,124.03
2020-09-22,129.02
2020-09-23,133.90
2020-09-24,134.83
2020-09-25,135.77
2020-09-26,135.14
2020-09-27,133.28
2020-09-28,131.13
2020-09-29,128.42
2020-09-30,128.42
2020-10-01,130.22
2020-10-02,130.83
2020-10-03,129.32
2020-10-04,128.72
2020-10-05,128.72
2020-10-06,128.42
2020-10-07,127.23
2020-10-08,125.18
2020-10-09,124.03
2020-10-10,125.18
2020-10-11,125.47
2020-10-12,123.45
2020-10-13,121.46
2020-10-14,119.50
2020-10-15,117.30
2020-10-16,115.14
2020-10-17,113.29
2020-10-18,112.50
2020-10-19,111.72
2020-10-20,111.20
2020-10-21,111.20
2020-10-22,115.14
2020-10-23,127.23
2020-10-24,134.52
2020-10-25,134.83
2020-10-26,130.83
2020-10-27,126.94
2020-10-28,123.74
2020-10-29,120.90
2020-10-30,118.12
2020-10-31,117.30
2020-11-01,117.85
2020-11-02,117.30
2020-11-03,115.95
2020-11-04,114.61
2020-11-05,113.29
2020-11-06,111.20
2020-11-07,108.90
2020-11-08,106.65
2020-11-09,104.68
2020-11-10,102.75
2020-11-11,100.86
2020-11-12,99.00
2020-11-13,97.17
2020-11-14,95.61
2020-11-15,93.84
2020-11-16,92.11
2020-11-17,90.62
2020-11-18,89.16
2020-11-19,87.51
2020-11-20,86.10
2020-11-21,84.70
2020-11-22,83.53
2020-11-23,82.37
2020-11-24,81.22
2020-11-25,79.91
2020-11-26,78.62
2020-11-27,77.34
2020-11-28,76.09
2020-11-29,75.03
2020-11-30,73.82
2020-12-01,72.62
2020-12-02,71.44
2020-12-03,70.45
2020-12-04,69.47
2020-12-05,68.50
2020-12-06,67.55
2020-12-07,66.61
2020-12-08,65.83
2020-12-09,65.07
2020-12-10,64.31
2020-12-11,63.57
2020-12-12,62.97
2020-12-13,62.24
2020-12-14,61.66
2020-12-15,61.09
2020-12-16,60.52
2020-12-17,59.95
2020-12-18,59.39
2020-12-19,58.98
2020-12-20,58.43
2020-12-21,58.02
2020-12-22,57.48
2020-12-23,57.08
2020-12-24,56.68
2020-12-25,56.28
2020-12-26,55.75
2020-12-27,55.36
2020-12-28,55.10
2020-12-29,54.72
2020-12-30,54.34
2020-12-31,53.95
2021-01-01,53.58
2021-01-02,53.33
2021-01-03,52.95
2021-01-04,52.58
2021-01-05,52.33
2021-01-06,51.97
2021-01-07,51.72
2021-01-08,51.48
2021-01-09,51.12
2021-01-10,50.76
2021-01-11,50.40
2021-01-12,50.17
2021-01-13,49.93
2021-01-14,49.70
2021-01-15,49.47
2021-01-16,49.23
2021-01-17,49.00
2021-01-18,48.77
2021-01-19,48.55
2021-01-20,48.43
2021-01-21,48.20
2021-01-22,47.98
2021-01-23,47.87
2021-01-24,47.64
2021-01-25,47.53
2021-01-26,47.31
2021-01-27,47.08
2021-01-28,46.97
2021-01-29,46.75
2021-01-30,46.75
2021-01-31,46.64
2021-02-01,46.53
2021-02-02,46.53
2021-02-03,46.32
2021-02-04,46.21
2021-02-05,46.10
2021-02-06,45.88
2021-02-07,45.45
2021-02-08,45.03
2021-02-09,44.92
2021-02-10,44.71
2021-02-11,44.60
2021-02-12,44.50
2021-02-13,44.39
2021-02-14,44.29
2021-02-15,44.08
2021-02-16,43.98
2021-02-17,43.98
2021-02-18,43.87
2021-02-19,43.77
2021-02-20,43.77
2021-02-21,43.67
2021-02-22,42.65
2021-02-23,41.95
2021-02-24,41.76
2021-02-25,41.66
2021-02-26,41.56
2021-02-27,41.66
2021-02-28,41.66
2021-03-01,41.56
2021-03-02,41.56
2021-03-03,41.46
2021-03-04,41.46
2021-03-05,41.95
2021-03-06,44.29
2021-03-07,44.39
2021-03-08,43.77
2021-03-09,43.36
2021-03-10,42.15
2021-03-11,41.27
2021-03-12,40.88
2021-03-13,40.59
2021-03-14,40.88
2021-03-15,40.98
2021-03-16,40.88
2021-03-17,40.78
2021-03-18,40.69
2021-03-19,40.50
2021-03-20,40.59
2021-03-21,40.69
2021-03-22,40.59
2021-03-23,40.50
2021-03-24,40.40
2021-03-25,40.30
2021-03-26,40.30
2021-03-27,40.21
2021-03-28,40.21
2021-03-29,40.59
2021-03-30,45.45
2021-03-31,52.21
2021-04-01,51.60
2021-04-02,48.77
2021-04-03,46.10
2021-04-04,44.29
2021-04-05,43.26
2021-04-06,42.55
2021-04-07,42.15
2021-04-08,42.35
2021-04-09,42.25
2021-04-10,41.85
2021-04-11,41.56
2021-04-12,41.27
2021-04-13,41.07
2021-04-14,40.88
2021-04-15,40.78
2021-04-16,41.36
2021-04-17,41.56
2021-04-18,42.25
2021-04-19,42.55
2021-04-20,42.05
2021-04-21,41.56
2021-04-22,41.27
2021-04-23,41.07
2021-04-24,40.88
2021-04-25,40.69
2021-04-26,40.50
2021-04-27,40.40
2021-04-28,40.30
2021-04-29,40.30
2021-04-30,40.50
2021-05-01,40.59
2021-05-02,42.05
2021-05-03,45.13
2021-05-04,45.24
2021-05-05,43.77
2021-05-06,42.65
2021-05-07,41.95
2021-05-08,41.36
2021-05-09,41.17
2021-05-10,41.46
2021-05-11,41.95
2021-05-12,42.55
2021-05-13,45.67
2021-05-14,45.88
2021-05-15,44.81
2021-05-16,43.57
2021-05-17,42.65
2021-05-18,47.87
2021-05-19,51.48
2021-05-20,49.93
2021-05-21,47.19
2021-05-22,45.45
2021-05-23,44.29
2021-05-24,44.71
2021-05-25,47.98
2021-05-26,48.43
2021-05-27,46.97
2021-05-28,45.56
2021-05-29,44.71
2021-05-30,44.92
2021-05-31,45.99
2021-06-01,49.70
2021-06-02,51.48
2021-06-03,51.36
2021-06-04,51.12
2021-06-05,52.09
2021-06-06,54.21
2021-06-07,56.68
2021-06-08,57.21
2021-06-09,56.02
2021-06-10,60.66
2021-06-11,64.16
2021-06-12,66.76
2021-06-13,67.71
2021-06-14,66.76
2021-06-15,66.61
2021-06-16,66.30
2021-06-17,67.08
2021-06-18,70.12
2021-06-19,73.30
2021-06-20,74.68
2021-06-21,74.16
2021-06-22,72.96
2021-06-23,72.45
2021-06-24,72.11
2021-06-25,71.11
2021-06-26,70.78
2021-06-27,70.61
2021-06-28,70.94
2021-06-29,72.45
2021-06-30,75.74
2021-07-01,80.28
2021-07-02,87.31
2021-07-03,90.62
2021-07-04,90.20
2021-07-05,87.92
2021-07-06,86.30
2021-07-07,86.90
2021-07-08,88.13
2021-07-09,88.54
2021-07-10,87.10
2021-07-11,85.50
2021-07-12,90.62
2021-07-13,96.50
2021-07-14,98.54
2021-07-15,97.40
2021-07-16,99.46
2021-07-17,101.57
2021-07-18,105.66
2021-07-19,113.29
2021-07-20,114.88
2021-07-21,112.50
2021-07-22,110.17
2021-07-23,110.43
2021-07-24,112.50
2021-07-25,113.29
2021-07-26,114.35
2021-07-27,118.40
2021-07-28,124.03
2021-07-29,129.02
2021-07-30,132.35
2021-07-31,134.52
2021-08-01,136.09
2021-08-02,138.64
2021-08-03,139.60
2021-08-04,138.64
2021-08-05,139.28
2021-08-06,143.21
2021-08-07,147.59
2021-08-08,150.01
2021-08-09,149.66
2021-08-10,148.28
2021-08-11,146.57
2021-08-12,145.55
2021-08-13,144.55
2021-08-14,143.54
2021-08-15,142.22
2021-08-16,141.23
2021-08-17,141.56
2021-08-18,144.21
2021-08-19,144.88
2021-08-20,143.54
2021-08-21,141.23
2021-08-22,138.96
2021-08-23,137.68
2021-08-24,137.68
2021-08-25,137.36
2021-08-26,136.72
2021-08-27,134.83
2021-08-28,136.72
2021-08-29,147.94
2021-08-30,154.60
2021-08-31,154.60
2021-09-01,152.82
2021-09-02,150.01
2021-09-03,147.59
2021-09-04,145.22
2021-09-05,146.91
2021-09-06,153.88
2021-09-07,156.40
2021-09-08,154.24
2021-09-09,151.05
2021-09-10,148.28
2021-09-11,145.89
2021-09-12,143.54
2021-09-13,143.21
2021-09-14,143.88
2021-09-15,145.55
2021-09-16,147.94
2021-09-17,153.88
2021-09-18,159.69
2021-09-19,160.44
2021-09-20,158.59
2021-09-21,155.68
2021-09-22,152.82
2021-09-23,149.66
2021-09-24,146.57
2021-09-25,144.55
2021-09-26,142.88
2021-09-27,140.58
2021-09-28,139.60
2021-09-29,138.96
2021-09-30,137.04
2021-10-01,134.83
2021-10-02,135.14
2021-10-03,136.40
2021-10-04,136.09
2021-10-05,133.90
2021-10-06,131.13
2021-10-07,128.42
2021-10-08,125.77
2021-10-09,123.17
2021-10-10,120.62
2021-10-11,118.40
2021-10-12,115.95
2021-10-13,113.55
2021-10-14,111.72
2021-10-15,109.66
2021-10-16,107.64
2021-10-17,105.91
2021-10-18,104.20
2021-10-19,103.23
2021-10-20,104.68
2021-10-21,104.44
2021-10-22,102.75
2021-10-23,100.39
2021-10-24,98.31
2021-10-25,96.27
2021-10-26,94.28
2021-10-27,92.54
2021-10-28,91.04
2021-10-29,89.57
2021-10-30,87.92
2021-10-31,86.30
2021-11-01,84.90
2021-11-02,83.33
2021-11-03,81.79
2021-11-04,80.47
2021-11-05,78.98
2021-11-06,77.70
2021-11-07,76.45
2021-11-08,75.03
2021-11-09,73.82
2021-11-10,72.62
2021-11-11,71.44
2021-11-12,70.45
2021-11-13,69.31
2021-11-14,68.34
2021-11-15,67.39
2021-11-16,66.45
2021-11-17,65.53
2021-11-18,64.77
2021-11-19,63.86
2021-11-20,62.97
2021-11-21,62.10
2021-11-22,61.23
2021-11-23,60.52
2021-11-24,59.81
2021-11-25,58.98
2021-11-26,58.29
2021-11-27,57.61
2021-11-28,57.08
2021-11-29,56.41
2021-11-30,55.89
2021-12-01,55.23
2021-12-02,54.59
2021-12-03,54.08
2021-12-04,53.70
2021-12-05,53.83
2021-12-06,63.42
2021-12-07,66.45
2021-12-08,64.46
2021-12-09,62.10
2021-12-10,59.95
2021-12-11,58.43
2021-12-12,57.21
2021-12-13,56.02
2021-12-14,54.98
2021-12-15,54.08
2021-12-16,53.33
2021-12-17,52.70
2021-12-18,52.09
2021-12-19,51.48
2021-12-20,51.00
2021-12-21,50.64
2021-12-22,50.29
2021-12-23,50.17
2021-12-24,49.82
2021-12-25,49.58
2021-12-26,49.23
2021-12-27,48.89
2021-12-28,48.66
2021-12-29,48.32
2021-12-30,48.09
2021-12-31,47.75
2022-01-01,47.53
2022-01-02,47.31
2022-01-03,47.08
2022-01-04,46.86
2022-01-05,46.64
2022-01-06,46.42
2022-01-07,46.21
2022-01-08,45.99
2022-01-09,45.77
2022-01-10,45.56
2022-01-11,45.24
2022-01-12,45.13
2022-01-13,45.03
2022-01-14,44.92
2022-01-15,44.92
2022-01-16,44.81
2022-01-17,44.60
2022-01-18,44.50
2022-01-19,44.29
2022-01-20,44.39
2022-01-21,44.39
2022-01-22,44.29
2022-01-23,44.08
2022-01-24,43.98
2022-01-25,43.98
2022-01-26,44.60
2022-01-27,45.34
2022-01-28,45.24
2022-01-29,44.71
2022-01-30,44.39
2022-01-31,44.19
2022-02-01,44.39
2022-02-02,44.39
2022-02-03,44.19
2022-02-04,44.92
2022-02-05,45.34
2022-02-06,45.13
2022-02-07,44.50
2022-02-08,43.87
2022-02-09,43.57
2022-02-10,43.26
2022-02-11,43.06
2022-02-12,42.85
2022-02-13,42.65
2022-02-14,42.45
2022-02-15,42.35
2022-02-16,42.25
2022-02-17,41.95
2022-02-18,41.85
2022-02-19,41.76
2022-02-20,41.66
2022-02-21,41.66
2022-02-22,40.98
2022-02-23,40.59
2022-02-24,40.50
2022-02-25,40.59
2022-02-26,40.59
2022-02-27,40.59
2022-02-28,40.69
2022-03-01,40.59
2022-03-02,40.40
2022-03-03,40.30
2022-03-04,40.11
2022-03-05,39.93
2022-03-06,39.83
2022-03-07,39.74
2022-03-08,39.64
2022-03-09,39.55
2022-03-10,38.99
2022-03-11,38.63
2022-03-12,38.54
2022-03-13,38.45
2022-03-14,38.81
2022-03-15,38.99
2022-03-16,38.99
2022-03-17,38.99
2022-03-18,38.90
2022-03-19,38.81
2022-03-20,38.81
2022-03-21,38.90
2022-03-22,38.81
2022-03-23,38.81
2022-03-24,40.02
2022-03-25,41.27
2022-03-26,44.60
2022-03-27,43.98
2022-03-28,42.45
2022-03-29,41.66
2022-03-30,41.36
2022-03-31,41.27
2022-04-01,41.07
2022-04-02,40.78
2022-04-03,41.27
2022-04-04,41.36
2022-04-05,40.98
2022-04-06,40.59
2022-04-07,40.30
2022-04-08,40.02
2022-04-09,40.02
2022-04-10,40.02
2022-04-11,46.97
2022-04-12,48.09
2022-04-13,45.45
2022-04-14,43.98
2022-04-15,43.57
2022-04-16,43.46
2022-04-17,44.19
2022-04-18,44.19
2022-04-19,44.50
2022-04-20,46.64
2022-04-21,46.97
2022-04-22,47.98
2022-04-23,48.43
2022-04-24,47.42
2022-04-25,46.32
2022-04-26,45.56
2022-04-27,44.92
2022-04-28,44.39
2022-04-29,43.87
2022-04-30,43.67
2022-05-01,44.81
2022-05-02,45.24
2022-05-03,49.35
2022-05-04,51.00
2022-05-05,49.93
2022-05-06,48.32
2022-05-07,47.19
2022-05-08,46.32
2022-05-09,46.32
2022-05-10,47.98
2022-05-11,52.83
2022-05-12,57.61
2022-05-13,60.94
2022-05-14,63.27
2022-05-15,65.53
2022-05-16,67.23
2022-05-17,68.82
2022-05-18,69.63
2022-05-19,69.96
2022-05-20,69.47
2022-05-21,69.47
2022-05-22,69.15
2022-05-23,68.18
2022-05-24,68.02
2022-05-25,69.15
2022-05-26,70.45
2022-05-27,70.61
2022-05-28,70.12
2022-05-29,70.94
2022-05-30,71.61
2022-05-31,72.62
2022-06-01,73.99
2022-06-02,75.74
2022-06-03,80.47
2022-06-04,84.90
2022-06-05,86.50
2022-06-06,85.90
2022-06-07,85.30
2022-06-08,84.70
2022-06-09,87.92
2022-06-10,89.57
2022-06-11,88.33
2022-06-12,86.90
2022-06-13,86.50
2022-06-14,88.33
2022-06-15,91.90
2022-06-16,96.72
2022-06-17,102.04
2022-06-18,124.31
2022-06-19,132.97
2022-06-20,135.14
2022-06-21,134.21
2022-06-22,131.74
2022-06-23,128.12
2022-06-24,125.47
2022-06-25,122.88
2022-06-26,120.34
2022-06-27,118.12
2022-06-28,116.49
2022-06-29,116.49
2022-06-30,115.95
2022-07-01,115.14
2022-07-02,114.35
2022-07-03,112.50
2022-07-04,111.20
2022-07-05,113.82
2022-07-06,113.55
2022-07-07,111.46
2022-07-08,109.41
2022-07-09,109.15
2022-07-10,113.82
2022-07-11,117.03
2022-07-12,118.67
2022-07-13,118.40
2022-07-14,118.12
2022-07-15,119.78
2022-07-16,122.88
2022-07-17,126.35
2022-07-18,125.77
2022-07-19,123.17
2022-07-20,120.90
2022-07-21,120.62
2022-07-22,123.17
2022-07-23,132.35
2022-07-24,139.28
2022-07-25,142.22
2022-07-26,141.89
2022-07-27,139.60
2022-07-28,136.09
2022-07-29,133.90
2022-07-30,132.97
2022-07-31,131.43
2022-08-01,131.43
2022-08-02,130.22
2022-08-03,131.13
2022-08-04,131.74
2022-08-05,130.83
2022-08-06,130.22
2022-08-07,128.72
2022-08-08,133.90
2022-08-09,141.56
2022-08-10,141.89
2022-08-11,138.64
2022-08-12,135.14
2022-08-13,131.74
2022-08-14,128.72
2022-08-15,129.02
2022-08-16,128.72
2022-08-17,126.64
2022-08-18,123.74
2022-08-19,120.90
2022-08-20,118.67
2022-08-21,118.40
2022-08-22,118.67
2022-08-23,118.95
2022-08-24,119.78
2022-08-25,118.95
2022-08-26,116.49
2022-08-27,114.35
2022-08-28,115.68
2022-08-29,115.14
2022-08-30,113.29
2022-08-31,110.43
2022-09-01,108.90
2022-09-02,109.66
2022-09-03,111.20
2022-09-04,112.76
2022-09-05,113.55
2022-09-06,112.76
2022-09-07,110.43
2022-09-08,107.89
2022-09-09,105.17
2022-09-10,102.99
2022-09-11,105.91
2022-09-12,109.41
2022-09-13,111.98
2022-09-14,115.68
2022-09-15,119.23
2022-09-16,121.18
2022-09-17,121.74
2022-09-18,120.34
2022-09-19,120.62
2022-09-20,121.18
2022-09-21,120.62
2022-09-22,118.67
2022-09-23,117.03
2022-09-24,116.22
2022-09-25,117.58
2022-09-26,117.58
2022-09-27,116.22
2022-09-28,114.08
2022-09-29,113.29
2022-09-30,111.98
2022-10-01,109.92
2022-10-02,110.94
2022-10-03,114.35
2022-10-04,116.22
2022-10-05,117.30
2022-10-06,117.85
2022-10-07,117.30
2022-10-08,115.68
2022-10-09,114.08
2022-10-10,112.24
2022-10-11,111.46
2022-10-12,110.94
2022-10-13,110.17
2022-10-14,108.90
2022-10-15,106.89
2022-10-16,104.44
2022-10-17,102.28
2022-10-18,103.23
2022-10-19,103.95
2022-10-20,103.23
2022-10-21,101.09
2022-10-22,98.77
2022-10-23,96.72
2022-10-24,95.38
2022-10-25,98.08
2022-10-26,99.69
2022-10-27,99.00
2022-10-28,96.50
2022-10-29,94.28
2022-10-30,92.11
2022-10-31,90.20
2022-11-01,88.33
2022-11-02,86.70
2022-11-03,85.10
2022-11-04,83.53
2022-11-05,81.99
2022-11-06,80.66
2022-11-07,79.35
2022-11-08,77.89
2022-11-09,76.62
2022-11-10,75.38
2022-11-11,74.16
2022-11-12,72.96
2022-11-13,71.78
2022-11-14,70.61
2022-11-15,69.63
2022-11-16,68.50
2022-11-17,67.55
2022-11-18,66.61
2022-11-19,65.68
2022-11-20,64.77
2022-11-21,63.86
2022-11-22,62.97
2022-11-23,62.24
2022-11-24,61.52
2022-11-25,60.80
2022-11-26,60.24
2022-11-27,59.53
2022-11-28,58.98
2022-11-29,58.29
2022-11-30,57.75
2022-12-01,57.34
2022-12-02,56.68
2022-12-03,56.15
2022-12-04,55.62
2022-12-05,55.10
2022-12-06,54.72
2022-12-07,54.21
2022-12-08,53.83
2022-12-09,53.33
2022-12-10,52.95
2022-12-11,52.58
2022-12-12,52.09
2022-12-13,51.72
2022-12-14,51.36
2022-12-15,51.00
2022-12-16,50.76
2022-12-17,50.40
2022-12-18,50.05
2022-12-19,49.70
2022-12-20,49.47
2022-12-21,49.12
2022-12-22,48.89
2022-12-23,48.55
2022-12-24,48.32
2022-12-25,48.09
2022-12-26,47.75
2022-12-27,47.64
2022-12-28,47.75
2022-12-29,47.64
2022-12-30,47.42
2022-12-31,46.86
2023-01-01,46.53
2023-01-02,46.32
2023-01-03,46.10
2023-01-04,45.88
2023-01-05,45.67
2023-01-06,45.45
2023-01-07,45.24
2023-01-08,45.03
2023-01-09,44.81
2023-01-10,44.50
2023-01-11,44.19
2023-01-12,44.08
2023-01-13,43.87
2023-01-14,43.77
2023-01-15,43.57
2023-01-16,43.46
2023-01-17,43.36
2023-01-18,43.16
2023-01-19,43.06
2023-01-20,42.95
2023-01-21,42.85
2023-01-22,42.65
2023-01-23,42.55
2023-01-24,42.45
2023-01-25,42.25
2023-01-26,42.15
2023-01-27,42.05
2023-01-28,41.95
2023-01-29,41.85
2023-01-30,41.85
2023-01-31,41.85
2023-02-01,41.76
2023-02-02,41.76
2023-02-03,41.76
2023-02-04,41.66
2023-02-05,41.56
2023-02-06,41.56
2023-02-07,41.07
2023-02-08,40.69
2023-02-09,40.59
2023-02-10,40.50
2023-02-11,40.40
2023-02-12,40.40
2023-02-13,40.30
2023-02-14,40.21
2023-02-15,40.21
2023-02-16,40.11
2023-02-17,40.21
2023-02-18,40.21
2023-02-19,40.11
2023-02-20,40.11
2023-02-21,40.11
2023-02-22,39.36
2023-02-23,38.72
2023-02-24,38.54
2023-02-25,38.45
2023-02-26,38.36
2023-02-27,38.45
2023-02-28,38.54
2023-03-01,38.45
2023-03-02,38.45
2023-03-03,38.36
2023-03-04,38.54
2023-03-05,38.63
2023-03-06,38.63
2023-03-07,38.54
2023-03-08,38.54
2023-03-09,38.45
2023-03-10,37.82
2023-03-11,37.28
2023-03-12,37.19
2023-03-13,37.02
2023-03-14,37.46
2023-03-15,37.99
2023-03-16,37.99
2023-03-17,37.99
2023-03-18,37.90
2023-03-19,38.90
2023-03-20,43.26
2023-03-21,45.03
2023-03-22,43.77
2023-03-23,42.15
2023-03-24,40.88
2023-03-25,39.93
2023-03-26,40.59
2023-03-27,40.50
2023-03-28,39.74
2023-03-29,39.36
2023-03-30,40.30
2023-03-31,40.69
2023-04-01,44.08
2023-04-02,51.24
2023-04-03,51.60
2023-04-04,49.70
2023-04-05,48.89
2023-04-06,46.64
2023-04-07,44.50
2023-04-08,43.06
2023-04-09,42.15
2023-04-10,41.46
2023-04-11,41.07
2023-04-12,40.59
2023-04-13,40.30
2023-04-14,40.02
2023-04-15,39.83
2023-04-16,39.64
2023-04-17,39.55
2023-04-18,39.46
2023-04-19,39.36
2023-04-20,39.27
2023-04-21,39.83
2023-04-22,40.30
2023-04-23,40.88
2023-04-24,40.59
2023-04-25,40.02
2023-04-26,39.64
2023-04-27,39.36
2023-04-28,39.18
2023-04-29,38.99
2023-04-30,38.81
2023-05-01,38.90
2023-05-02,38.81
2023-05-03,39.83
2023-05-04,40.88
2023-05-05,41.17
2023-05-06,40.50
2023-05-07,39.83
2023-05-08,39.27
2023-05-09,38.99
2023-05-10,38.72
2023-05-11,38.54
2023-05-12,38.45
2023-05-13,38.45
2023-05-14,39.93
2023-05-15,41.36
2023-05-16,45.34
2023-05-17,47.98
2023-05-18,47.53
2023-05-19,45.88
2023-05-20,43.98
2023-05-21,42.45
2023-05-22,41.46
2023-05-23,40.88
2023-05-24,42.15
2023-05-25,46.21
2023-05-26,47.08
2023-05-27,45.99
2023-05-28,44.60
2023-05-29,43.36
2023-05-30,42.25
2023-05-31,41.56
2023-06-01,41.27
2023-06-02,41.07
2023-06-03,40.78
2023-06-04,40.50
2023-06-05,40.21
2023-06-06,39.93
2023-06-07,39.83
2023-06-08,40.98
2023-06-09,48.20
2023-06-10,52.58
2023-06-11,55.10
2023-06-12,53.95
2023-06-13,52.21
2023-06-14,52.58
2023-06-15,53.45
2023-06-16,58.84
2023-06-17,61.66
2023-06-18,61.23
2023-06-19,60.66
2023-06-20,61.09
2023-06-21,61.37
2023-06-22,62.10
2023-06-23,63.12
2023-06-24,63.86
2023-06-25,64.01
2023-06-26,64.77
2023-06-27,68.66
2023-06-28,71.44
2023-06-29,72.11
2023-06-30,72.62
2023-07-01,73.82
2023-07-02,74.86
2023-07-03,75.03
2023-07-04,76.62
2023-07-05,80.10
2023-07-06,82.37
2023-07-07,82.37
2023-07-08,80.85
2023-07-09,80.85
2023-07-10,81.41
2023-07-11,81.22
2023-07-12,79.91
2023-07-13,79.17
2023-07-14,78.25
2023-07-15,76.98
2023-07-16,75.56
2023-07-17,75.38
2023-07-18,77.52
2023-07-19,78.62
2023-07-20,80.47
2023-07-21,84.31
2023-07-22,89.16
2023-07-23,94.06
2023-07-24,96.27
2023-07-25,95.83
2023-07-26,94.28
2023-07-27,93.19
2023-07-28,91.90
2023-07-29,90.20
2023-07-30,90.62
2023-07-31,90.41
2023-08-01,91.26
2023-08-02,93.41
2023-08-03,95.83
2023-08-04,1591.21
2023-08-05,101.57
2023-08-06,99.93
2023-08-07,101.80
2023-08-08,106.89
2023-08-09,111.46
2023-08-10,115.41
2023-08-11,129.62
2023-08-12,128.12
2023-08-13,125.77
2023-08-14,128.12
2023-08-15,126.35
2023-08-16,123.17
2023-08-17,126.35
2023-08-18,138.00
2023-08-19,132.97
2023-08-20,126.94
2023-08-21,126.06
2023-08-22,125.77
2023-08-23,124.60
2023-08-24,125.77
2023-08-25,127.82
2023-08-26,129.02
2023-08-27,135.77
2023-08-28,141.89
2023-08-29,132.05
2023-08-30,128.72
2023-08-31,124.03
2023-09-01,122.59
2023-09-02,125.47
2023-09-03,129.62
2023-09-04,130.22
2023-09-05,129.62
2023-09-06,124.31
2023-09-07,123.74
2023-09-08,126.06
2023-09-09,126.94
2023-09-10,132.35
2023-09-11,135.46
2023-09-12,142.22
2023-09-13,146.91
2023-09-14,145.55
2023-09-15,152.11
2023-09-16,151.76
2023-09-17,146.23
2023-09-18,143.88
2023-09-19,149.66
2023-09-20,150.71
2023-09-21,147.59
2023-09-22,158.96
2023-09-23,158.96
2023-09-24,154.96
2023-09-25,151.76
2023-09-26,148.97
2023-09-27,145.55
2023-09-28,141.89
2023-09-29,138.64
2023-09-30,135.77
2023-10-01,138.00
2023-10-02,144.55
2023-10-03,146.57
2023-10-04,141.56
2023-10-05,138.32
2023-10-06,145.55
2023-10-07,148.62
2023-10-08,151.05
2023-10-09,151.05
2023-10-10,146.23
2023-10-11,136.40
2023-10-12,132.97
2023-10-13,129.62
2023-10-14,127.53
2023-10-15,125.47
2023-10-16,122.88
2023-10-17,120.34
2023-10-18,117.85
2023-10-19,115.41
2023-10-20,113.02
2023-10-21,110.69
2023-10-22,108.40
2023-10-23,106.15
2023-10-24,104.44
2023-10-25,103.23
2023-10-26,101.80
2023-10-27,100.62
2023-10-28,101.33
2023-10-29,99.00
2023-10-30,96.95
2023-10-31,94.94
2023-11-01,92.97
2023-11-02,91.26
2023-11-03,89.36
2023-11-04,87.51
2023-11-05,85.90
2023-11-06,84.31
2023-11-07,82.75
2023-11-08,81.04
2023-11-09,79.54
2023-11-10,78.07
2023-11-11,76.80
2023-11-12,75.38
2023-11-13,73.99
2023-11-14,72.62
2023-11-15,71.44
2023-11-16,70.12
2023-11-17,69.15
2023-11-18,88.33
2023-11-19,92.97
2023-11-20,87.72
2023-11-21,77.70
2023-11-22,74.86
2023-11-23,72.62
2023-11-24,70.78
2023-11-25,69.15
2023-11-26,67.87
2023-11-27,66.61
2023-11-28,65.37
2023-11-29,64.31
2023-11-30,63.42
2023-12-01,62.39
2023-12-02,61.52
2023-12-03,60.66
2023-12-04,59.81
2023-12-05,59.12
2023-12-06,58.43
2023-12-07,57.88
2023-12-08,61.37
2023-12-09,64.46
2023-12-10,70.12
2023-12-11,68.50
2023-12-12,66.92
2023-12-13,65.37
2023-12-14,63.86
2023-12-15,62.68
2023-12-16,61.52
2023-12-17,60.52
2023-12-18,59.39
2023-12-19,58.43
2023-12-20,57.48
2023-12-21,56.54
2023-12-22,55.62
2023-12-23,54.98
2023-12-24,54.21
2023-12-25,53.70
2023-12-26,53.58
2023-12-27,53.08
2023-12-28,52.70
2023-12-29,52.21
2023-12-30,51.72
2023-12-31,51.24
2024-01-01,50.76
2024-01-02,50.40
2024-01-03,49.93
2024-01-04,49.58
2024-01-05,49.12
2024-01-06,48.77
2024-01-07,48.43
2024-01-08,48.09
2024-01-09,47.75
2024-01-10,47.53
2024-01-11,47.08
2024-01-12,46.75
2024-01-13,46.42
2024-01-14,46.21
2024-01-15,45.88
2024-01-16,45.67
2024-01-17,45.45
2024-01-18,45.24
2024-01-19,45.03
2024-01-20,44.81
2024-01-21,44.50
2024-01-22,44.29
2024-01-23,44.08
2024-01-24,43.87
2024-01-25,43.67
2024-01-26,43.57
2024-01-27,43.36
2024-01-28,43.16
2024-01-29,43.06
2024-01-30,42.85
2024-01-31,42.75
2024-02-01,42.75
2024-02-02,42.55
2024-02-03,42.75
2024-02-04,43.06
2024-02-05,43.57
2024-02-06,43.26
2024-02-07,43.26
2024-02-08,42.85
2024-02-09,42.25
2024-02-10,41.95
2024-02-11,41.76
2024-02-12,41.56
2024-02-13,41.36
2024-02-14,41.27
2024-02-15,41.07
2024-02-16,40.98
2024-02-17,40.88
2024-02-18,40.69
2024-02-19,40.59
2024-02-20,40.50
2024-02-21,40.88
2024-02-22,42.05
2024-02-23,45.99
2024-02-24,48.43
2024-02-25,45.99
2024-02-26,44.60
2024-02-27,43.16
2024-02-28,42.45
2024-02-29,41.85
2024-03-01,41.46
2024-03-02,41.07
2024-03-03,40.78
2024-03-04,40.21
2024-03-05,39.93
2024-03-06,39.74
2024-03-07,39.55
2024-03-08,39.46
2024-03-09,39.36
2024-03-10,38.63
2024-03-11,38.17
2024-03-12,37.99
2024-03-13,37.90
2024-03-14,38.26
2024-03-15,39.18
2024-03-16,39.46
2024-03-17,38.81
2024-03-18,38.63
2024-03-19,38.54
2024-03-20,38.63
2024-03-21,38.72
2024-03-22,39.18
2024-03-23,39.36
2024-03-24,41.46
2024-03-25,41.66
2024-03-26,39.55
2024-03-27,40.02
2024-03-28,39.64
2024-03-29,39.64
2024-03-30,39.93
2024-03-31,42.35
2024-04-01,43.77
2024-04-02,48.89
2024-04-03,49.47
2024-04-04,44.60
2024-04-05,43.16
2024-04-06,42.95
2024-04-07,42.35
2024-04-08,48.66
2024-04-09,48.09
2024-04-10,43.87
2024-04-11,43.16
2024-04-12,42.65
2024-04-13,42.15
2024-04-14,41.76
2024-04-15,41.46
2024-04-16,41.17
2024-04-17,40.98
2024-04-18,41.85
2024-04-19,42.55
2024-04-20,45.24
2024-04-21,46.75
2024-04-22,46.53
2024-04-23,47.87
2024-04-24,46.32
2024-04-25,45.45
2024-04-26,44.50
2024-04-27,44.08
2024-04-28,43.77
2024-04-29,44.50
2024-04-30,45.67
2024-05-01,45.88
2024-05-02,47.98
2024-05-03,50.29
2024-05-04,52.21
2024-05-05,99.00
2024-05-06,100.86
2024-05-07,92.33
2024-05-08,80.10
2024-05-09,74.68
2024-05-10,71.61
2024-05-11,71.61
2024-05-12,71.61
2024-05-13,70.61
2024-05-14,68.98
2024-05-15,67.23
2024-05-16,65.83
2024-05-17,64.61
2024-05-18,66.30
2024-05-19,68.34
2024-05-20,68.18
2024-05-21,67.08
2024-05-22,62.10
2024-05-23,61.66
2024-05-24,60.80
2024-05-25,59.81
2024-05-26,60.52
2024-05-27,62.83
2024-05-28,141.56
2024-05-29,226.51
2024-05-30,199.45
2024-05-31,178.89
2024-06-01,153.17
2024-06-02,152.46
2024-06-03,154.60
2024-06-04,138.64
2024-06-05,137.36
2024-06-06,136.09
2024-06-07,134.21
2024-06-08,140.91
2024-06-09,138.96
2024-06-10,131.13
2024-06-11,122.88
2024-06-12,122.59
2024-06-13,119.78
2024-06-14,124.89
2024-06-15,131.13
2024-06-16,154.60
2024-06-17,150.36
2024-06-18,149.31
2024-06-19,151.76
2024-06-20,152.11
2024-06-21,147.25
2024-06-22,141.56
2024-06-23,137.04
2024-06-24,137.68
2024-06-25,137.36
2024-06-26,137.04
2024-06-27,139.60
2024-06-28,138.96
2024-06-29,146.57
2024-06-30,158.22
2024-07-01,162.31
2024-07-02,167.27
2024-07-03,182.65
2024-07-04,181.81
2024-07-05,192.20
2024-07-06,188.67
2024-07-07,194.88
2024-07-08,202.24
2024-07-09,197.61
2024-07-10,202.24
2024-07-11,199.91
2024-07-12,198.53
2024-07-13,196.24
2024-07-14,190.43
2024-07-15,187.36
2024-07-16,186.93
2024-07-17,183.08
2024-07-18,190.43
2024-07-19,196.24
2024-07-20,197.15
2024-07-21,196.70
2024-07-22,204.59
2024-07-23,201.77
2024-07-24,198.99
2024-07-25,194.88
2024-07-26,192.64
2024-07-27,192.20
2024-07-28,191.31
2024-07-29,186.50
2024-07-30,184.78
2024-07-31,188.67
2024-08-01,208.41
2024-08-02,215.77
2024-08-03,197.15
2024-08-04,202.70
2024-08-05,201.77
2024-08-06,197.15
2024-08-07,198.99
2024-08-08,196.24
2024-08-09,194.88
2024-08-10,196.70
2024-08-11,195.34
2024-08-12,193.09
2024-08-13,194.88
2024-08-14,193.54
2024-08-15,192.20
2024-08-16,192.20
2024-08-17,192.20
2024-08-18,192.20
2024-08-19,206.97
2024-08-20,236.68
2024-08-21,294.12
2024-08-22,336.29
2024-08-23,330.89
2024-08-24,411.10
2024-08-25,398.02
2024-08-26,379.19
2024-08-27,365.44
2024-08-28,357.92
2024-08-29,355.45
2024-08-30,355.45
2024-08-31,351.37
2024-09-01,340.19
2024-09-02,333.19
2024-09-03,328.61
2024-09-04,327.85
2024-09-05,325.59
2024-09-06,318.89
2024-09-07,313.77
2024-09-08,313.05
2024-09-09,308.03
2024-09-10,296.17
2024-09-11,288.73
2024-09-12,282.14
2024-09-13,276.33
2024-09-14,268.77
2024-09-15,266.30
2024-09-16,263.24
2024-09-17,256.04
2024-09-18,251.93
2024-09-19,248.46
2024-09-20,245.04
2024-09-21,237.78
2024-09-22,231.81
2024-09-23,225.99
2024-09-24,222.87
2024-09-25,227.03
2024-09-26,228.61
2024-09-27,224.94
2024-09-28,230.74
2024-09-29,224.94
2024-09-30,228.61
2024-10-01,230.21
2024-10-02,222.36
2024-10-03,221.84
2024-10-04,218.28
2024-10-05,216.77
2024-10-06,218.28
2024-10-07,214.77
2024-10-08,213.78
2024-10-09,209.38
2024-10-10,207.45
2024-10-11,203.17
2024-10-12,200.84
2024-10-13,201.30
2024-10-14,196.70
2024-10-15,190.43
2024-10-16,186.07
2024-10-17,181.81
2024-10-18,178.47
2024-10-19,180.55
2024-10-20,178.06
2024-10-21,169.22
2024-10-22,164.58
2024-10-23,161.18
2024-10-24,157.85
2024-10-25,156.76
2024-10-26,158.22
2024-10-27,157.12
2024-10-28,153.53
2024-10-29,150.01
2024-10-30,146.57
2024-10-31,143.88
2024-11-01,140.91
2024-11-02,138.00
2024-11-03,135.14
2024-11-04,132.35
2024-11-05,129.92
2024-11-06,128.42
2024-11-07,126.64
2024-11-08,124.03
2024-11-09,121.46
2024-11-10,119.23
2024-11-11,116.76
2024-11-12,114.35
2024-11-13,112.24
2024-11-14,109.92
2024-11-15,107.89
2024-11-16,105.91
2024-11-17,103.95
2024-11-18,102.04
2024-11-19,100.16
2024-11-20,98.31
2024-11-21,96.50
2024-11-22,94.72
2024-11-23,92.97
2024-11-24,91.47
2024-11-25,89.99
2024-11-26,88.33
2024-11-27,86.70
2024-11-28,85.30
2024-11-29,83.72
2024-11-30,82.37
2024-12-01,81.04
2024-12-02,79.72
2024-12-03,78.25
2024-12-04,76.98
2024-12-05,75.74
2024-12-06,74.51
2024-12-07,73.30
2024-12-08,72.11
2024-12-09,70.94
2024-12-10,69.79
2024-12-11,68.82
2024-12-12,67.71
2024-12-13,66.61
2024-12-14,65.68
2024-12-15,64.61
2024-12-16,63.71
2024-12-17,62.83
2024-12-18,61.95
2024-12-19,61.09
2024-12-20,60.24
2024-12-21,59.53
2024-12-22,58.84
2024-12-23,58.16
2024-12-24,57.48
2024-12-25,56.94
2024-12-26,56.41
2024-12-27,55.89
2024-12-28,55.49
2024-12-29,54.98
2024-12-30,54.46
2024-12-31,54.08
2025-01-01,53.58
